ID,Name
OG001,"Dr. Meenakshi Muthukumar"
OG002,"Dr. Daya Shree"
OG003,"Dr. Subashini Reuban"
OG004,"Dr. Vanmathi"
OG005,"Dr. Balakumar"
OG006,"Dr. Chandragupta"
OG007,"Dr. A. P. Maheshwar"
OG008,"Dr. Ragavendra Karthik"
OG009,"Dr. Selvakumar"
OG010,"Dr. Rakesh"
OG011,"Dr. Ronak D Nankani"
OG012,"Dr. Kanmani Mahima"
OG013,"Dr. Sathish"
OG014,"Dr. Syed Nafeez"
OG015,"Dr. Mansoor Ali"
OG016,"Dr. Daya Shree"
OG017,"Dr. Balakumar"
OG018,"Dr. Chandragupta"
OG019,"Dr. Venkat Prasad"
OG020,"Dr. Ramesh Kumar"
OG021,"Dr. Pugal"
OG022,"Dr. E. Thulasiraam"
OG023,"Dr. R. Jayasrikrupaa"
OG024,"Dr. Vanmathi"
OG025,"Dr. Subashini Rueban"
OG026,"Dr. Abirami"
OG027,"Dr. Ronak D Nankani"
OG028,"Dr. Saravana Kumar"
OG029,"Dr. Burnice Nalina Kumari"
OG030,"Dr. Arun Suraj"
OG031,"Dr. Dhanadivya. K"
OG032,"Dr. Kanmani Mahima"
OG033,"Dr. Shwetha"
OG034,"Dr. Manonmani Pavithra"
OG035,"Dr. S. Vijaya Suresh"
OG036,"Dr. R. Savitha Lakshmi"
OG037,"Dr. Gnanashanmugam"
OG038,"Dr. S. C. Ahila Ramdoss"
OG039,"Dr. Elangovan Thirumalaisamy"
OG040,"Dr. Burnice Nalina Kumari"
OG041,"Dr. Poornima Karthik"
OG042,"Dr. Venkat Prasad"
