Vendor,ID
Dente 91,VD001
Dente 91,VD002
KP Dental Institute,VD003
KP Dental Institute,VD004
Vijay Dental Depot,VD005
Vijay Dental Depot,VD006
Rams Dental Lab & Mani Files,VD007
Rams Dental Lab & Mani Files,VD008
Dantech Lab,VD009
Dantech Lab,VD010
Henry Schein,VD011
Henry Schein,VD012
Dio Implants,VD013
Dio Implants,VD014
Dentairemart.com,VD015
Dentairemart.com,VD016
Amidentis,VD017
Amidentis,VD018
Group Pharma,VD019
Group Pharma,VD020
Kedo Files,VD021
Kedo Files,VD022
Aadithya Enterprises,VD023
Aadithya Enterprises,VD024
APT,VD025
APT,VD026
Intessence Solutions,VD027
Intessence Solutions,VD028
Shofu,VD029
Shofu,VD030
Colgate,VD031
Colgate,VD032
Colgate,VD033
Colgate,VD034
Sensodyne,VD035
Sensodyne,VD036
Sensodyne,VD037
Sensodyne,VD038
Dentcare,VD039
Dentcare,VD040
Dentcare,VD041
Dentcare,VD042
